{
  "patches": [
    "Mongbalu",
    "Rwampara",
    "Bunia",
    "Katwa",
    "Goma",
    "Nyakunde",
    "Butembo",
    "Bambu",
    "Miti-Murhesa",
    "Kilo",
    "Nizi",
    "Aru",
    "Oicha",
    "Kalunguta",
    "Kyondo",
    "Rimba",
    "Mambasa",
    "Fataki",
    "Damas",
    "Karisimbi",
    "Lita",
    "Beni",
    "Jiba",
    "Komanda",
    "Aungba",
    "Gethy",
    "Mangala",
    "Manguredjipa",
    "Logo",
    "Tchomia",
    "Kambala",
    "Masereka",
    "Vuhovi",
    "Nia-Nia",
    "Mabalako",
    "Musienene",
    "Drodro"
  ],
  "n_patches": 37,
  "n_days": 35,
  "best_nll": 584.2020142207103,
  "best_params": [
    0.010593090795598642,
    0.45476568988153954,
    0.17405857367141633,
    0.37434770989558847,
    0.14841158374131602,
    0.3665435850391407,
    0.06372956820081033,
    0.7067895917004716,
    1.974130947649526,
    1.989741626871212,
    1.994204386611602,
    0.4411505249835146,
    0.12181479529221706,
    0.6724800829910174,
    1.2038536156590316,
    0.008829428986757648,
    0.014871130721843318,
    0.19987642611455259,
    0.5791202275465803,
    0.1765253635759736,
    0.10069666152528245,
    0.04834131623128579,
    0.14272189749130648,
    0.1522355153639663,
    0.2768814502474437,
    0.11988710392675972,
    0.20093581158530427,
    0.0049070158291454335,
    0.2812901373606316,
    0.42593804210787944,
    0.05001682570863253,
    0.32899714602544805,
    0.3688112970687343,
    0.5509658563137846,
    0.010425583912439973,
    0.09515449655900399,
    0.004622949725380465,
    0.30743738322319514,
    0.2581110477080619,
    0.04697292727784563,
    0.21241823131380666,
    0.03256306187454394,
    0.1125656990121987,
    0.11314710209693568,
    0.004878071954140029,
    0.6974517624585819,
    0.9568186840541858,
    1.7678102824239068,
    0.5682327551101712,
    1.113032695305907,
    0.08277075895202102,
    0.48039888227597016,
    0.6500959045840483,
    1.2545889915890838,
    0.5048583342192398,
    1.0423109364919478,
    1.2253411190726826,
    1.2457421689700914,
    0.3609455649075999,
    0.7862545436170181,
    1.3193466645470415,
    0.5042012352982778,
    1.1293397959978673,
    0.43830119966139214,
    0.5033413901019548,
    0.14230787050546367,
    0.31411885832581876,
    0.9612871462173002,
    0.8626411040700935,
    0.7370803492447812,
    0.4113918949232488,
    0.6143983814406981,
    1.3447430247421683,
    0.5047046618518808,
    0.5427286304587846,
    0.9644872131291499,
    0.4085459147184428,
    0.8211491705567939,
    0.7139009561135248,
    0.41879566520536105,
    1.1819242207388017,
    1.0757628826656007,
    1.9990742077043024,
    1.9970157927635046,
    1.9854193853195354,
    1.3659974502437895,
    0.3327471336502281,
    1.787523386292724,
    0.7289823262907614,
    0.7135071438545312,
    0.11098021478670339,
    0.08825899787357694,
    0.8333140728777432,
    0.38445572849613885,
    0.05257669441595292,
    0.2846120111681196,
    0.145103972668152,
    0.09479635932612651,
    0.03504941307073284,
    0.08501364426266145,
    0.17969270514335078,
    0.002769344044759703,
    0.4641338912206925,
    0.7066474513853517,
    0.04306139940710252,
    0.5068675732988382,
    0.2345103142589089,
    0.00655577050892131,
    0.03698654178872851,
    0.18263745290597233,
    0.04832474142864007,
    0.0015617478536986695,
    0.03451757479412232,
    0.17013044852758386,
    0.1428131996771258,
    0.014298452186824573,
    0.1895603499887255,
    0.13682921965933392,
    0.0807522474682264
  ],
  "timestamp": "2026-06-24T16:12:35.831495"
}